,loss,loss_pde,loss_ortho,loss_lipschitz,loss_sobolev,loss_pde_each0,loss_pde_each1,loss_pde_each2,loss_pde_each3,loss_pde_each4,loss_pde_each5,loss_ortho_each0,loss_ortho_each1,loss_ortho_each2,loss_ortho_each3,loss_ortho_each4,loss_ortho_each5,loss_lipschitz_each0,loss_lipschitz_each1,loss_lipschitz_each2,loss_lipschitz_each3,loss_lipschitz_each4,loss_lipschitz_each5,loss_sobolev_each0,loss_sobolev_each1,loss_sobolev_each2,loss_sobolev_each3,loss_sobolev_each4,loss_sobolev_each5
0,1.9595561027526855,-1.3323587973912556,3.2919148604075112,0.0,0.0,-1.0597547,-1.3799917,-1.2366937,-1.3744174,-1.3815235,-1.5617714,0.0,0.08135533,0.41653553,1.8152832,2.3175755,1.9530798,0.0,0.0,0.0,0.0,0.0,0.0,-5.285694,-4.686211,-5.565998,-4.6147714,-5.456755,-6.400711
1,1.9545044898986816,-1.3257651527722676,3.2802696228027344,0.0,0.0,-1.2268378,-1.3714238,-1.2213821,-1.4050444,-1.2381155,-1.4917868,0.0,0.088358365,0.32584453,1.8720468,2.3577957,1.9164939,0.0,0.0,0.0,0.0,0.0,0.0,-5.0514116,-4.6259055,-5.3813553,-4.658753,-5.494971,-5.9362807
2,2.4545698165893555,-0.7881652017434438,3.242734988530477,0.0,0.0,-0.72370785,-0.9023802,-0.7219159,-0.9094574,-0.7305856,-0.7409441,0.0,0.09297355,0.28682256,1.8719921,2.3255005,1.9081811,0.0,0.0,0.0,0.0,0.0,0.0,-4.908999,-4.514029,-5.3418717,-4.62035,-5.477056,-5.6427484
3,2.2843329111735025,-0.9157017270723978,3.2000346183776855,0.0,0.0,-0.95793056,-0.93188834,-0.90099955,-0.9217612,-0.844351,-0.93727964,0.0,0.09402903,0.26749876,1.8274708,2.2796113,1.9314593,0.0,0.0,0.0,0.0,0.0,0.0,-4.8468285,-4.407382,-5.356626,-4.5115447,-5.391306,-5.3104253
4,1.5583153168360393,-1.585399866104126,3.143715222676595,0.0,0.0,-1.5401707,-1.5426143,-1.4589014,-1.6553723,-1.517052,-1.7982879,0.0,0.08727213,0.2217236,1.7558333,2.2406797,1.9819216,0.0,0.0,0.0,0.0,0.0,0.0,-4.8174725,-4.3566647,-5.407772,-4.3182464,-5.2780843,-5.1463532
5,1.0251437822977703,-2.028214931488037,3.053358713785807,0.0,0.0,-1.8668604,-2.1001523,-1.8519411,-2.0438712,-1.9030153,-2.4034483,0.0,0.0748868,0.1695184,1.6528009,2.2086353,2.0008757,0.0,0.0,0.0,0.0,0.0,0.0,-4.7432027,-4.3211493,-5.3858967,-4.172997,-5.234623,-5.08952
6,0.9629824558893839,-1.980850100517273,2.9438325564066568,0.0,0.0,-1.9934767,-2.0367563,-2.0254347,-1.8792758,-1.8553696,-2.0947874,0.0,0.06119438,0.12334076,1.5386639,2.1542063,2.0102594,0.0,0.0,0.0,0.0,0.0,0.0,-4.677853,-4.3147526,-5.202021,-4.07719,-5.302404,-5.0835814
7,1.8513239622116089,-1.0046937465667725,2.8560176690419516,0.0,0.0,-0.9406367,-1.1335047,-0.8346626,-1.1356475,-0.8892371,-1.0944735,0.0,0.06613048,0.07500156,1.427189,2.1397405,2.0039735,0.0,0.0,0.0,0.0,0.0,0.0,-4.582227,-4.2833447,-4.9891496,-4.0262504,-5.2881236,-5.12518
8,1.4751348892847698,-1.3881410956382751,2.8632760047912598,0.0,0.0,-1.2185501,-1.5175323,-1.2984776,-1.4183577,-1.5069637,-1.3689648,0.0,0.06603205,0.11130055,1.3857794,2.1805146,1.9829254,0.0,0.0,0.0,0.0,0.0,0.0,-4.4117813,-4.3169303,-4.8348947,-4.07399,-5.0279636,-5.187534
9,1.7966787417729695,-1.0948997735977173,2.891578515370687,0.0,0.0,-1.0719239,-0.8580398,-1.1416875,-1.2151593,-1.1653624,-1.1172256,0.0,0.07524701,0.17307083,1.3887595,2.21975,1.9263296,0.0,0.0,0.0,0.0,0.0,0.0,-4.270471,-4.37146,-4.7663884,-4.1788516,-4.790259,-5.216362
10,1.6562425295511882,-1.2531224091847737,2.909364938735962,0.0,0.0,-1.4468437,-1.2679218,-1.1434714,-1.1563982,-1.3203602,-1.1837388,0.0,0.0645332,0.21199755,1.4305831,2.2360551,1.8755608,0.0,0.0,0.0,0.0,0.0,0.0,-4.175763,-4.411123,-4.7413893,-4.277559,-4.54781,-5.167711
11,1.5425578753153484,-1.3528827826182048,2.895440657933553,0.0,0.0,-1.218139,-1.4255495,-1.2770324,-1.3223753,-1.3693155,-1.5048847,0.0,0.04209749,0.2403274,1.465531,2.2239919,1.8189334,0.0,0.0,0.0,0.0,0.0,0.0,-4.092337,-4.429108,-4.7390733,-4.2288756,-4.32523,-5.080981
12,1.9292630354563396,-0.9649970531463623,2.8942600886027017,0.0,0.0,-1.0979859,-1.0722426,-0.7965023,-0.97676754,-0.96472293,-0.8817611,0.0,0.040486176,0.28672323,1.4838929,2.1919296,1.7854881,0.0,0.0,0.0,0.0,0.0,0.0,-4.0134444,-4.493745,-4.7561636,-4.140968,-4.1323066,-4.897798
13,1.552969217300415,-1.326180135210355,2.8791493574778237,0.0,0.0,-1.2736208,-1.3958217,-1.2152882,-1.2064278,-1.2851228,-1.5807991,0.0,0.047549605,0.3224372,1.4754635,2.134043,1.7788051,0.0,0.0,0.0,0.0,0.0,0.0,-3.9578712,-4.581558,-4.792523,-4.0461526,-3.966159,-4.764776
14,1.7125282287597656,-1.1280237833658855,2.8405519326527915,0.0,0.0,-1.0833497,-1.1035781,-0.98545456,-1.257253,-1.1419429,-1.1965643,0.0,0.04921301,0.32918534,1.4430571,2.0777972,1.7818514,0.0,0.0,0.0,0.0,0.0,0.0,-3.9181354,-4.5903153,-4.8414955,-3.9416912,-3.7897975,-4.689516
15,1.9455457925796509,-0.8414197365442911,2.786965529123942,0.0,0.0,-0.83481985,-0.92223835,-0.73849195,-0.67046946,-0.81062055,-1.0718783,0.0,0.045900624,0.3051283,1.3939444,2.0399878,1.7889696,0.0,0.0,0.0,0.0,0.0,0.0,-3.888274,-4.491161,-4.892611,-3.8093817,-3.6470563,-4.6706014
16,1.5526526769002278,-1.167244017124176,2.7198967138926187,0.0,0.0,-1.1905328,-1.2183889,-1.0113127,-1.0541526,-1.1390523,-1.3900245,0.0,0.039424103,0.27753338,1.3378755,1.9989843,1.7859759,0.0,0.0,0.0,0.0,0.0,0.0,-3.8683681,-4.360098,-4.9045963,-3.677489,-3.5363529,-4.7108483
17,1.3506182432174683,-1.3263477087020874,2.6769659519195557,0.0,0.0,-1.2611623,-1.4309168,-1.0055636,-1.4846563,-1.3582507,-1.4175364,0.0,0.031373065,0.28763995,1.287587,1.9502589,1.7970734,0.0,0.0,0.0,0.0,0.0,0.0,-3.8901894,-4.2828918,-4.887327,-3.5599518,-3.446251,-4.799448
18,2.2845671971639,-0.3683429167916377,2.6529101530710855,0.0,0.0,-0.29248592,-0.45694754,-0.1997443,-0.42019644,-0.3905107,-0.45017254,0.0,0.02214261,0.30137944,1.2452264,1.9222841,1.8147879,0.0,0.0,0.0,0.0,0.0,0.0,-3.9112341,-4.240682,-4.873098,-3.4678948,-3.3732212,-4.8844123
19,1.3525772889455159,-1.291209836800893,2.643787145614624,0.0,0.0,-1.230867,-1.2161542,-1.1932758,-1.502684,-1.3730937,-1.2311841,0.0,0.023407102,0.3101777,1.2058862,1.9134907,1.8346125,0.0,0.0,0.0,0.0,0.0,0.0,-3.9223154,-4.221317,-4.85766,-3.3859327,-3.3147068,-4.9691806
20,1.5557965437571208,-1.0812529722849529,2.6370495160420737,0.0,0.0,-1.1000682,-1.1100669,-1.1460935,-1.0082487,-1.08295,-1.04009,0.0,0.03117168,0.32155907,1.1671287,1.9051245,1.8491148,0.0,0.0,0.0,0.0,0.0,0.0,-3.9288094,-4.208387,-4.8493423,-3.3038394,-3.2677457,-5.0633163
21,0.7064251899719238,-1.9115134676297505,2.617938677469889,0.0,0.0,-1.9821006,-2.0292594,-1.8789233,-1.7487532,-1.8810993,-1.9489447,0.0,0.02598087,0.32313406,1.149284,1.8857611,1.8517175,0.0,0.0,0.0,0.0,0.0,0.0,-3.93719,-4.190052,-4.8502307,-3.228775,-3.2248695,-5.1897254
22,1.518404245376587,-1.0763797561327617,2.5947840213775635,0.0,0.0,-1.0527836,-1.0685657,-1.0057074,-1.2886358,-0.97134465,-1.0712415,0.0,0.01688826,0.32184505,1.130806,1.8676981,1.8523308,0.0,0.0,0.0,0.0,0.0,0.0,-3.931237,-4.1336207,-4.859221,-3.1613114,-3.1851294,-5.322944
23,1.0740310351053874,-1.5035789807637532,2.5776100158691406,0.0,0.0,-1.4792496,-1.3593429,-1.3566786,-1.6010033,-1.473939,-1.7512602,0.0,0.014646411,0.3370993,1.0892296,1.8674773,1.8467678,0.0,0.0,0.0,0.0,0.0,0.0,-3.8968284,-4.0626516,-4.8723717,-3.1036396,-3.151933,-5.4654574
24,1.1178289651870728,-1.4340366125106812,2.551865577697754,0.0,0.0,-1.258902,-1.5434097,-1.4496669,-1.6096102,-1.2500603,-1.4925705,0.0,0.017914494,0.3512056,1.0346016,1.8719848,1.8280245,0.0,0.0,0.0,0.0,0.0,0.0,-3.8174536,-3.9958916,-4.890017,-3.064201,-3.1214828,-5.5789657
25,0.8537501494089762,-1.6455790996551514,2.4993292490641275,0.0,0.0,-1.593167,-1.8228587,-1.547156,-1.8797468,-1.4489855,-1.5815614,0.0,0.013923486,0.3374541,0.9541623,1.8521271,1.8409916,0.0,0.0,0.0,0.0,0.0,0.0,-3.7494767,-4.024238,-4.92244,-3.0512857,-3.0924442,-5.712272
26,0.8089834849039713,-1.6334935824076335,2.442477067311605,0.0,0.0,-1.5521799,-1.7246681,-1.5054178,-1.6599869,-1.6825603,-1.676148,0.0,0.012577176,0.32066047,0.85817176,1.8281746,1.8653702,0.0,0.0,0.0,0.0,0.0,0.0,-3.6903498,-4.0550466,-4.9583964,-3.054865,-3.0646894,-5.7090797
27,0.4606097141901652,-1.9628551403681438,2.423464854558309,0.0,0.0,-1.822455,-1.9366499,-1.82588,-2.0900056,-2.0904317,-2.0117075,0.0,0.0076975026,0.31290832,0.8270171,1.8085036,1.8908032,0.0,0.0,0.0,0.0,0.0,0.0,-3.6407855,-4.076376,-4.9791827,-3.0721347,-3.0397594,-5.4737163
28,1.0209041436513264,-1.3949215412139893,2.415825684865316,0.0,0.0,-1.4201922,-1.2397126,-1.4273101,-1.3176409,-1.3720427,-1.5926303,0.0,0.008517504,0.31610945,0.82287854,1.7965755,1.8875704,0.0,0.0,0.0,0.0,0.0,0.0,-3.6099007,-4.104656,-4.9292355,-3.0842783,-3.0141413,-5.260231
29,0.733920176823934,-1.6515228748321533,2.3854430516560874,0.0,0.0,-1.5998234,-1.6697212,-1.6477752,-1.6624454,-1.7015957,-1.6277763,0.0,0.012178143,0.31594422,0.8075554,1.7777563,1.8574516,0.0,0.0,0.0,0.0,0.0,0.0,-3.5745876,-4.112686,-4.8577514,-3.0852983,-2.9922454,-5.1265244
30,0.5858656565348307,-1.7537797292073567,2.3396453857421875,0.0,0.0,-1.8314152,-1.6700395,-1.5335449,-2.007987,-1.7626371,-1.7170544,0.0,0.010844271,0.29556823,0.8087968,1.7340355,1.8300457,0.0,0.0,0.0,0.0,0.0,0.0,-3.581398,-4.108501,-4.7476106,-3.0747063,-2.980088,-4.9273324
31,1.431308110555013,-0.8576584731539091,2.2889665762583413,0.0,0.0,-0.86814064,-0.8616529,-0.8477959,-1.0433418,-0.7401212,-0.7848985,0.0,0.01010859,0.26626217,0.8286858,1.6777357,1.7951407,0.0,0.0,0.0,0.0,0.0,0.0,-3.6550639,-4.0991898,-4.6472297,-3.0541468,-2.9734542,-4.7395177
32,0.36884252230326336,-1.9277539253234863,2.2965964476267495,0.0,0.0,-1.7561706,-2.0444005,-1.7387358,-2.0092373,-1.994769,-2.0232098,0.0,0.009026289,0.2396518,0.8689429,1.6565447,1.8190271,0.0,0.0,0.0,0.0,0.0,0.0,-3.7408364,-4.083682,-4.529389,-2.9929438,-2.9622333,-4.646127
33,0.472847580909729,-1.8302313884099324,2.3030789693196616,0.0,0.0,-1.8307465,-1.8888081,-1.9081758,-1.6284919,-1.9188251,-1.8063408,0.0,0.007029613,0.23284066,0.8890309,1.6335262,1.8437306,0.0,0.0,0.0,0.0,0.0,0.0,-3.8151958,-4.067373,-4.417807,-2.9453328,-2.9497807,-4.6513486
34,0.49743831157684326,-1.8267606099446614,2.324198921521505,0.0,0.0,-1.8392378,-1.9123493,-1.4872848,-1.930549,-1.8734335,-1.917709,0.0,0.013659358,0.23655267,0.9018032,1.6379069,1.8584752,0.0,0.0,0.0,0.0,0.0,0.0,-3.884206,-4.0505214,-4.316705,-2.9168494,-2.9392717,-4.6381936
35,0.6587906281153361,-1.6770220200220745,2.3358126481374106,0.0,0.0,-1.6121353,-1.638916,-1.5397714,-1.8740419,-1.6872069,-1.7100601,0.0,0.015434344,0.23076992,0.90903884,1.6359504,1.8804318,0.0,0.0,0.0,0.0,0.0,0.0,-3.9450486,-4.045291,-4.2319903,-2.9055011,-2.9253604,-4.609615
36,0.43121520678202313,-1.9055380622545879,2.3367532889048257,0.0,0.0,-1.9392363,-2.0291388,-1.9811138,-1.9831711,-1.6867746,-1.8137935,0.0,0.0142349405,0.22991507,0.9067753,1.6275619,1.8950192,0.0,0.0,0.0,0.0,0.0,0.0,-3.983352,-4.029549,-4.1632514,-2.888789,-2.9100058,-4.576194
37,1.106678565343221,-1.2371177673339844,2.3437963326772056,0.0,0.0,-1.3385013,-1.2674983,-1.2053882,-1.307424,-1.2742223,-1.0296723,0.0,0.01687185,0.25396276,0.8868157,1.6516198,1.8783225,0.0,0.0,0.0,0.0,0.0,0.0,-4.0245385,-3.99741,-4.1063666,-2.8751862,-2.8931897,-4.534703
38,-0.22088277339935303,-2.575050950050354,2.354168176651001,0.0,0.0,-2.523886,-2.7773113,-2.168639,-2.7283783,-2.7845533,-2.4675372,0.0,0.036513407,0.32231322,0.8401914,1.7096633,1.799655,0.0,0.0,0.0,0.0,0.0,0.0,-4.0717025,-3.9539864,-4.053075,-2.8538675,-2.8684175,-4.495268
39,1.2030679782231648,-1.1656136165062587,2.3686816294988,0.0,0.0,-1.0929276,-1.3122855,-1.0622383,-0.995029,-1.2361504,-1.2950505,0.0,0.048811514,0.37622246,0.8359864,1.7342271,1.7421159,0.0,0.0,0.0,0.0,0.0,0.0,-4.1086903,-3.9470577,-4.0096116,-2.8289356,-2.8433704,-4.454239
40,0.5074201027552286,-1.870739738146464,2.378159840901693,0.0,0.0,-1.9627218,-1.7474931,-1.8260612,-1.7492326,-2.0770848,-1.8618441,0.0,0.05021866,0.40944645,0.8543876,1.721732,1.7205348,0.0,0.0,0.0,0.0,0.0,0.0,-4.146081,-3.9635124,-3.9879563,-2.8218334,-2.820019,-4.3994765
41,0.5792919397354126,-1.7966285943984985,2.375920534133911,0.0,0.0,-1.8652679,-1.8254737,-1.6629492,-1.6833297,-1.8105421,-1.9322084,0.0,0.058768272,0.42438695,0.86222523,1.6804795,1.7259811,0.0,0.0,0.0,0.0,0.0,0.0,-4.173206,-3.9958756,-3.9737518,-2.8274448,-2.795716,-4.357613
42,0.8968103329340616,-1.4675711393356323,2.364381472269694,0.0,0.0,-1.4577117,-1.3805871,-1.4718156,-1.4869757,-1.278148,-1.7301887,0.0,0.06378432,0.42536482,0.8706935,1.6239306,1.7449895,0.0,0.0,0.0,0.0,0.0,0.0,-4.235506,-4.011972,-3.9562118,-2.834596,-2.7661371,-4.318918
43,0.6208545764287313,-1.7246501843134563,2.3455047607421875,0.0,0.0,-1.7771846,-1.5295677,-1.7696143,-1.6943669,-1.8652557,-1.7119116,0.0,0.06530213,0.41762146,0.8776946,1.5602707,1.7701207,0.0,0.0,0.0,0.0,0.0,0.0,-4.310183,-4.013101,-3.936659,-2.8435047,-2.733987,-4.2672915
44,0.7265484730402628,-1.5869459708531697,2.3134944438934326,0.0,0.0,-1.489677,-1.7895135,-1.5100669,-1.6287245,-1.5094204,-1.5942739,0.0,0.06447089,0.4058015,0.8778512,1.482564,1.7963012,0.0,0.0,0.0,0.0,0.0,0.0,-4.3662763,-4.0084443,-3.9121952,-2.8514698,-2.7035904,-4.1802325
45,0.9079893430074056,-1.3678502440452576,2.275839606920878,0.0,0.0,-1.4235674,-1.2277249,-1.4623613,-1.262652,-1.5231276,-1.3076681,0.0,0.061712783,0.39024675,0.8738062,1.4107965,1.8151169,0.0,0.0,0.0,0.0,0.0,0.0,-4.4223523,-4.0021405,-3.885608,-2.8545687,-2.6811173,-4.0776677
46,0.7097260157267252,-1.52842382589976,2.2381498416264853,0.0,0.0,-1.5651525,-1.5158644,-1.5690317,-1.5854774,-1.4424533,-1.4925632,0.0,0.056992095,0.38363898,0.86198425,1.347103,1.8265814,0.0,0.0,0.0,0.0,0.0,0.0,-4.4526443,-3.9858017,-3.8847759,-2.8525286,-2.6687443,-3.9834573
47,0.9854955673217773,-1.2455930908521016,2.231088638305664,0.0,0.0,-1.4470516,-1.1323862,-0.99848956,-1.2123171,-1.3701743,-1.3131393,0.0,0.053105354,0.37648597,0.84623796,1.3508838,1.8354639,0.0,0.0,0.0,0.0,0.0,0.0,-4.4766164,-3.9611979,-3.9101763,-2.843773,-2.6649096,-3.8867295
48,0.4582800070444743,-1.761461079120636,2.219741106033325,0.0,0.0,-2.0630546,-1.6077203,-1.5594541,-1.9597019,-1.5882214,-1.7906145,0.0,0.05228567,0.3604751,0.8270626,1.3688622,1.8307966,0.0,0.0,0.0,0.0,0.0,0.0,-4.508137,-3.9327927,-3.917003,-2.8245087,-2.667218,-3.7843788
49,1.353463093439738,-0.8426303068796793,2.1960934003194175,0.0,0.0,-0.8530328,-0.90001947,-0.7963957,-0.8224403,-0.69423157,-0.9896619,0.0,0.051237863,0.34418198,0.81880593,1.3758388,1.8021221,0.0,0.0,0.0,0.0,0.0,0.0,-4.5311127,-3.9070718,-3.9068997,-2.8021405,-2.6673574,-3.6549847
50,1.1032991806666057,-1.0601521531740825,2.163451353708903,0.0,0.0,-1.1091398,-0.8844256,-0.9466786,-1.010404,-1.2713672,-1.1388975,0.0,0.049342155,0.33334407,0.81628317,1.3641205,1.7638127,0.0,0.0,0.0,0.0,0.0,0.0,-4.549866,-3.885907,-3.8925297,-2.7841656,-2.681855,-3.5615919
51,0.9965889056523641,-1.1615571429332097,2.158146063486735,0.0,0.0,-1.1472207,-1.1507801,-0.90402764,-1.1137148,-1.2557579,-1.3978411,0.0,0.048945624,0.3296874,0.8180361,1.3623766,1.7572466,0.0,0.0,0.0,0.0,0.0,0.0,-4.5572314,-3.881629,-3.8902357,-2.781184,-2.6835861,-3.548548
52,0.8657979965209961,-1.282943566640218,2.1487415631612143,0.0,0.0,-1.4857712,-1.1873012,-1.0435585,-1.4037056,-1.3320813,-1.2452434,0.0,0.048128724,0.32593426,0.8196511,1.360385,1.7433838,0.0,0.0,0.0,0.0,0.0,0.0,-4.5661488,-3.8769436,-3.8879206,-2.779213,-2.6833122,-3.5278406
53,0.21967641512552896,-1.9178999265034993,2.1375763416290283,0.0,0.0,-1.9718738,-2.1366436,-1.8987082,-1.8436645,-1.7349359,-1.9215733,0.0,0.047297876,0.32198426,0.8210945,1.3586949,1.7260813,0.0,0.0,0.0,0.0,0.0,0.0,-4.5776086,-3.872091,-3.8857334,-2.7775595,-2.68268,-3.50476
54,1.0523688395818074,-1.0745584468046825,2.126927296320597,0.0,0.0,-1.1528902,-1.2142359,-0.93358165,-1.008031,-0.9132044,-1.2254072,0.0,0.046524245,0.3183634,0.8219668,1.3567091,1.710291,0.0,0.0,0.0,0.0,0.0,0.0,-4.586078,-3.867932,-3.883561,-2.7753239,-2.6824253,-3.485257
55,0.6167608896891276,-1.4999381303787231,2.1166990200678506,0.0,0.0,-1.2560734,-1.5057677,-1.532962,-1.5814543,-1.5309664,-1.592405,0.0,0.0461034,0.31480327,0.8231945,1.3550687,1.6942282,0.0,0.0,0.0,0.0,0.0,0.0,-4.595798,-3.865382,-3.8819714,-2.7728832,-2.6819184,-3.4680882
56,0.22349886099497476,-1.8832835753758748,2.1067824363708496,0.0,0.0,-2.0240347,-1.8744982,-1.5345863,-1.9524374,-1.7904263,-2.123719,0.0,0.045343637,0.3114252,0.82469493,1.3530049,1.6790962,0.0,0.0,0.0,0.0,0.0,0.0,-4.6069245,-3.8639328,-3.8803368,-2.7702177,-2.681948,-3.4531548
57,0.7145290772120158,-1.3839752276738484,2.0985043048858643,0.0,0.0,-1.231932,-1.4500122,-1.3469634,-1.4876982,-1.4428368,-1.3444085,0.0,0.044712145,0.3087003,0.8254052,1.350369,1.6678218,0.0,0.0,0.0,0.0,0.0,0.0,-4.6154366,-3.8627613,-3.8781805,-2.7673228,-2.6821353,-3.4389532
58,0.9970196088155111,-1.0944783439238865,2.0914979775746665,0.0,0.0,-1.2816948,-1.1622945,-0.9583161,-1.142074,-0.8522055,-1.1702851,0.0,0.044679362,0.306325,0.8258631,1.3471168,1.6590117,0.0,0.0,0.0,0.0,0.0,0.0,-4.6212144,-3.8614638,-3.8758404,-2.7645423,-2.6825724,-3.4257343
59,0.7450206279754639,-1.3413135210673015,2.086334149042765,0.0,0.0,-1.3961548,-1.2115002,-1.4770504,-1.2824622,-1.4362531,-1.2444602,0.0,0.044427555,0.30418804,0.8273786,1.3434051,1.6532689,0.0,0.0,0.0,0.0,0.0,0.0,-4.6279154,-3.859327,-3.8742054,-2.761817,-2.6833756,-3.415033
60,0.8698457876841227,-1.2132818698883057,2.0831276575724282,0.0,0.0,-1.3803414,-1.277617,-0.96321887,-1.2892251,-1.142617,-1.2266717,0.0,0.044112444,0.3043257,0.8288417,1.3399597,1.6490155,0.0,0.0,0.0,0.0,0.0,0.0,-4.635958,-3.8570435,-3.8752244,-2.7600205,-2.6852796,-3.4058762
61,0.5418513218561808,-1.5396098693211873,2.081461191177368,0.0,0.0,-1.4840502,-1.6748296,-1.5685021,-1.5756515,-1.4821482,-1.4524775,0.0,0.043948174,0.30361834,0.8308099,1.3364729,1.6480732,0.0,0.0,0.0,0.0,0.0,0.0,-4.6418705,-3.8548138,-3.8734236,-2.7593486,-2.687081,-3.3978958
62,0.9501480658849081,-1.1296760539213817,2.079824129740397,0.0,0.0,-1.0786904,-1.014322,-1.0478178,-1.0358104,-1.2081429,-1.3932724,0.0,0.044016164,0.3018463,0.8338564,1.3332415,1.6466879,0.0,0.0,0.0,0.0,0.0,0.0,-4.645592,-3.8523924,-3.8706295,-2.7586982,-2.6885624,-3.3912156
63,0.7916743357976278,-1.2850156823794048,2.0766900380452475,0.0,0.0,-1.3754963,-1.4124899,-1.0444821,-1.1981761,-1.3765389,-1.3029109,0.0,0.043977022,0.30039516,0.8355401,1.3292679,1.6441998,0.0,0.0,0.0,0.0,0.0,0.0,-4.647534,-3.8506622,-3.867344,-2.756632,-2.6856654,-3.3856633
64,0.9468826850255331,-1.1265941460927327,2.073476791381836,0.0,0.0,-1.1945757,-1.0495285,-1.0188736,-1.0718267,-1.318248,-1.1065122,0.0,0.043980718,0.29880378,0.836345,1.3252803,1.6425438,0.0,0.0,0.0,0.0,0.0,0.0,-4.647802,-3.8494444,-3.8639896,-2.7534904,-2.68301,-3.3813918
65,0.4092253843943278,-1.6609158515930176,2.0701412359873452,0.0,0.0,-1.5995556,-1.7504449,-1.5220995,-1.7019563,-1.6708347,-1.720604,0.0,0.04417662,0.2964954,0.8372287,1.3215407,1.640841,0.0,0.0,0.0,0.0,0.0,0.0,-4.651554,-3.84832,-3.8605292,-2.7504272,-2.6816847,-3.3783982
66,0.5378779570261637,-1.5288998285929363,2.0667777856191,0.0,0.0,-1.5070451,-1.6503353,-1.4109545,-1.434495,-1.5513409,-1.6192278,0.0,0.043517787,0.29235867,0.84035283,1.3186274,1.6386989,0.0,0.0,0.0,0.0,0.0,0.0,-4.671909,-3.846411,-3.8575659,-2.7477639,-2.681634,-3.3752108
67,-0.13644540309906006,-2.1995330651601157,2.0630876620610556,0.0,0.0,-2.2007003,-2.269128,-2.034335,-2.3850834,-2.0927956,-2.215156,0.0,0.043128848,0.28910896,0.8426997,1.3141431,1.6370945,0.0,0.0,0.0,0.0,0.0,0.0,-4.6874294,-3.844611,-3.854575,-2.7456017,-2.682046,-3.371431
68,0.497516393661499,-1.5612879594167073,2.0588043530782065,0.0,0.0,-1.7246822,-1.456627,-1.3055296,-1.8837897,-1.3932139,-1.6038847,0.0,0.042664092,0.286368,0.8440695,1.3088207,1.6356864,0.0,0.0,0.0,0.0,0.0,0.0,-4.696601,-3.8428905,-3.8517082,-2.743611,-2.6830456,-3.3673046
69,0.7326401074727377,-1.3214756846427917,2.054115811983744,0.0,0.0,-1.4430655,-1.3153881,-1.2968391,-1.2612196,-1.4585352,-1.1538063,0.0,0.042120736,0.2840277,0.84483665,1.3028597,1.634387,0.0,0.0,0.0,0.0,0.0,0.0,-4.7033916,-3.8413365,-3.8488433,-2.7416232,-2.6845262,-3.362367
70,0.8518856763839722,-1.197690526644389,2.049576203028361,0.0,0.0,-1.201769,-1.256488,-1.0894984,-1.3405443,-1.2092634,-1.0885799,0.0,0.041673023,0.28232136,0.8446582,1.2962798,1.6342198,0.0,0.0,0.0,0.0,0.0,0.0,-4.7090926,-3.841253,-3.845823,-2.7397301,-2.687953,-3.35748
71,1.407209873199463,-0.6372274359067281,2.0444373289744058,0.0,0.0,-0.5912315,-0.54017276,-0.6258927,-0.7813831,-0.47309223,-0.81159234,0.0,0.040879887,0.28062484,0.84454566,1.2891616,1.6336626,0.0,0.0,0.0,0.0,0.0,0.0,-4.7139,-3.8409193,-3.8431692,-2.7377808,-2.691879,-3.352475
72,0.6013918121655782,-1.4391410946846008,2.040532906850179,0.0,0.0,-1.3227954,-1.45605,-1.4326919,-1.3949666,-1.5476819,-1.48066,0.0,0.04111612,0.2797968,0.84381884,1.281355,1.6349789,0.0,0.0,0.0,0.0,0.0,0.0,-4.719817,-3.8402424,-3.8409336,-2.7359874,-2.697395,-3.3471184
73,0.44152464469273883,-1.5945073962211609,2.0360320409139,0.0,0.0,-1.6591946,-1.644146,-1.5230883,-1.6303345,-1.5478398,-1.5624412,0.0,0.04158489,0.27931073,0.8426139,1.2724733,1.6360812,0.0,0.0,0.0,0.0,0.0,0.0,-4.72518,-3.8390863,-3.838576,-2.7321012,-2.7035606,-3.3419914
74,0.5571105480194092,-1.475143293539683,2.032253861427307,0.0,0.0,-1.6578716,-1.4323937,-1.3410181,-1.3343664,-1.4546003,-1.6306094,0.0,0.042340994,0.27874967,0.841636,1.2636174,1.6381634,0.0,0.0,0.0,0.0,0.0,0.0,-4.726415,-3.8374214,-3.8361232,-2.727994,-2.7099788,-3.3372402
75,0.440321405728658,-1.5881089369455974,2.0284303426742554,0.0,0.0,-1.5628734,-1.7232352,-1.600447,-1.7058525,-1.342395,-1.5938501,0.0,0.042916656,0.27788523,0.8405599,1.2553416,1.6401572,0.0,0.0,0.0,0.0,0.0,0.0,-4.7247787,-3.8354228,-3.832988,-2.724514,-2.71881,-3.332194
76,0.8513615926106771,-1.1732051372528076,2.024566729863485,0.0,0.0,-1.2789552,-1.2942594,-0.93619615,-1.0393634,-1.2757328,-1.2147237,0.0,0.04314621,0.27668417,0.8397531,1.2482041,1.6413459,0.0,0.0,0.0,0.0,0.0,0.0,-4.7266045,-3.8337834,-3.828205,-2.7210453,-2.7256908,-3.3252506
77,0.719046394030253,-1.3015533685684204,2.0205997625986734,0.0,0.0,-1.2665788,-1.468779,-1.3302338,-1.255016,-1.0886859,-1.4000262,0.0,0.04308057,0.27510002,0.8390991,1.2416362,1.6422838,0.0,0.0,0.0,0.0,0.0,0.0,-4.7312293,-3.8325443,-3.8228261,-2.716956,-2.7316468,-3.3160107
78,0.0634698470433553,-1.9529651006062825,2.0164349476496377,0.0,0.0,-2.1030767,-2.0421684,-1.886518,-1.8803104,-1.8717915,-1.9339253,0.0,0.04289794,0.27327767,0.8382829,1.23556,1.6428515,0.0,0.0,0.0,0.0,0.0,0.0,-4.7352414,-3.8312428,-3.8187027,-2.7131941,-2.7369566,-3.3071105
79,0.2354325850804647,-1.7769420941670735,2.012374679247538,0.0,0.0,-1.7167224,-1.7878965,-1.8623527,-1.75882,-1.8384327,-1.6974287,0.0,0.0426691,0.27167842,0.83738595,1.2300719,1.642944,0.0,0.0,0.0,0.0,0.0,0.0,-4.737141,-3.829778,-3.8152351,-2.7095344,-2.7419357,-3.3001702
80,1.103043794631958,-0.9060056656599045,2.0090494950612388,0.0,0.0,-0.8822398,-0.9360194,-0.924792,-0.86947817,-0.9725918,-0.8509128,0.0,0.04243775,0.2698941,0.8368068,1.2251825,1.6437775,0.0,0.0,0.0,0.0,0.0,0.0,-4.739774,-3.8290653,-3.812219,-2.704977,-2.7477558,-3.2950737
81,0.4018851121266683,-1.604243238766988,2.0061283508936563,0.0,0.0,-1.8445076,-1.507203,-1.5604048,-1.71203,-1.4491614,-1.5521526,0.0,0.04245611,0.26534823,0.83905727,1.2215887,1.6438066,0.0,0.0,0.0,0.0,0.0,0.0,-4.758141,-3.8284817,-3.808957,-2.7012565,-2.7567475,-3.2908423
82,0.813779354095459,-1.1887450218200684,2.0025243759155273,0.0,0.0,-1.1829804,-1.2285383,-1.1086082,-1.1588908,-1.2399653,-1.2134868,0.0,0.041876316,0.26041093,0.8423826,1.216886,1.6434927,0.0,0.0,0.0,0.0,0.0,0.0,-4.7776804,-3.8276052,-3.8060539,-2.6983798,-2.7650616,-3.2863204
83,1.3733131686846416,-0.6253697673479716,1.9986828962961833,0.0,0.0,-0.63519454,-0.6635292,-0.6932226,-0.54616153,-0.6342516,-0.5798588,0.0,0.041360695,0.25568423,0.8448917,1.2124492,1.64298,0.0,0.0,0.0,0.0,0.0,0.0,-4.7915,-3.8268166,-3.80353,-2.6952553,-2.7713327,-3.2811077
84,0.06654417514801025,-1.9285699129104614,1.9951140880584717,0.0,0.0,-1.9112872,-1.9253289,-1.9157311,-1.9728489,-2.0038102,-1.8424126,0.0,0.040762544,0.25184846,0.8470502,1.2074944,1.6430725,0.0,0.0,0.0,0.0,0.0,0.0,-4.8039784,-3.8253434,-3.8015423,-2.6924818,-2.7773952,-3.275613
85,0.5971737305323283,-1.395340661207835,1.9925144116083782,0.0,0.0,-1.4958348,-1.3580942,-1.450544,-1.194789,-1.2861289,-1.5866524,0.0,0.040370584,0.2497905,0.8484159,1.2026582,1.6437937,0.0,0.0,0.0,0.0,0.0,0.0,-4.82548,-3.8232615,-3.7981148,-2.6915634,-2.782815,-3.270416
86,0.8279305299123129,-1.1651024619738262,1.9930330117543538,0.0,0.0,-1.0494127,-1.103308,-1.1535966,-1.1399411,-1.0279051,-1.516451,0.0,0.0406698,0.24945562,0.8482826,1.1972748,1.650383,0.0,0.0,0.0,0.0,0.0,0.0,-4.8388615,-3.8229733,-3.794727,-2.6888216,-2.7898934,-3.2789624
87,0.76640518506368,-1.226093629995982,1.992498795191447,0.0,0.0,-1.0734094,-1.544126,-0.87530327,-1.2945839,-1.1554401,-1.4136992,0.0,0.040947277,0.25016478,0.8484583,1.1928133,1.6526138,0.0,0.0,0.0,0.0,0.0,0.0,-4.8454185,-3.8237438,-3.790859,-2.6859791,-2.7975035,-3.2906666
88,1.1597816944122314,-0.8312869171301523,1.9910685618718464,0.0,0.0,-0.85435325,-0.78563637,-0.82935995,-0.8848664,-0.83877474,-0.7947307,0.0,0.041141707,0.2503955,0.8490308,1.1882477,1.6533213,0.0,0.0,0.0,0.0,0.0,0.0,-4.8513484,-3.8233929,-3.7874804,-2.684295,-2.8032455,-3.2986462
89,0.9443291425704956,-1.045617828766505,1.989947001139323,0.0,0.0,-1.1480107,-0.9381127,-1.0950514,-1.0158392,-1.0022813,-1.0744115,0.0,0.041039664,0.2500707,0.8497626,1.1835676,1.6554533,0.0,0.0,0.0,0.0,0.0,0.0,-4.856586,-3.8223193,-3.7847633,-2.6834133,-2.8079853,-3.3011606
90,0.9241356452306112,-1.0655072927474976,1.9896429379781086,0.0,0.0,-1.0198483,-1.0227585,-1.1651139,-1.1530668,-0.9720537,-1.0602025,0.0,0.040743828,0.24964213,0.8506341,1.179204,1.6590618,0.0,0.0,0.0,0.0,0.0,0.0,-4.86174,-3.820921,-3.7821112,-2.6828086,-2.8122795,-3.301491
91,-3.1950896581014,-1.6396678884824116,1.9895834922790527,0.0,-3.5450052420298257,-1.6905488,-1.7363394,-1.4985529,-1.8143412,-1.7354774,-1.3627476,0.0,0.04061492,0.24965923,0.85137504,1.1748165,1.6627015,0.0,0.0,0.0,0.0,0.0,0.0,-4.869589,-3.820301,-3.77627,-2.683325,-2.8196185,-3.3009279
92,-3.0226921240488687,-1.4597642223040264,1.9890937407811482,0.0,-3.5520216623942056,-1.5362762,-1.3667446,-1.5008287,-1.4706436,-1.3377775,-1.5463144,0.0,0.041244704,0.24966435,0.852748,1.16974,1.6647905,0.0,0.0,0.0,0.0,0.0,0.0,-4.894949,-3.826109,-3.772913,-2.686987,-2.8301105,-3.3010604
93,-3.0745349725087485,-1.4982537031173706,1.9879852135976155,0.0,-3.5642665227254233,-1.4717745,-1.6341692,-1.4857782,-1.5214893,-1.4974076,-1.3789033,0.0,0.04166575,0.24910669,0.8546665,1.1648469,1.6656846,0.0,0.0,0.0,0.0,0.0,0.0,-4.940287,-3.8357666,-3.7719097,-2.6924524,-2.8434732,-3.3017108
94,-3.096498886744181,-1.5049447019894917,1.988045612970988,0.0,-3.5795997778574624,-1.5160838,-1.5510784,-1.429813,-1.3109773,-1.5548258,-1.6668892,0.0,0.041976016,0.24827437,0.858587,1.1612855,1.6659681,0.0,0.0,0.0,0.0,0.0,0.0,-4.9982047,-3.8478262,-3.772543,-2.6986449,-2.8577168,-3.3026621
95,-3.138423204421997,-1.529188096523285,1.9882053931554158,0.0,-3.597440481185913,-1.8360081,-1.4236783,-1.4325938,-1.4418808,-1.4391469,-1.6018205,0.0,0.042102616,0.24706554,0.86230564,1.1588744,1.6660627,0.0,0.0,0.0,0.0,0.0,0.0,-5.065848,-3.8620987,-3.7747104,-2.705436,-2.8725853,-3.3039646
96,-2.992232084274292,-1.362476885318756,1.987674315770467,0.0,-3.617429494857788,-1.2776977,-1.3889679,-1.4155316,-1.3453587,-1.4433919,-1.3039136,0.0,0.042133372,0.24702998,0.8655717,1.1558746,1.664739,0.0,0.0,0.0,0.0,0.0,0.0,-5.1414323,-3.8784006,-3.7780106,-2.7129653,-2.8882933,-3.305474
97,-2.6697965463002524,-1.0187316338221233,1.987063725789388,0.0,-3.638128678003947,-1.0795761,-1.0365027,-1.0570163,-1.0622175,-0.9476679,-0.9294092,0.0,0.042485196,0.24675,0.8691295,1.1528264,1.6629362,0.0,0.0,0.0,0.0,0.0,0.0,-5.222333,-3.89283,-3.7824662,-2.7205913,-2.9037879,-3.3067627
98,-3.336240768432617,-1.6636279026667278,1.9869176546732585,0.0,-3.6595304807027182,-1.6182772,-1.715662,-1.695168,-1.628966,-1.7537953,-1.5698982,0.0,0.042357523,0.245314,0.87372667,1.1504902,1.6619471,0.0,0.0,0.0,0.0,0.0,0.0,-5.3068867,-3.9035046,-3.7883523,-2.7287538,-2.9216156,-3.3080683
99,-3.198702017466227,-1.5048491954803467,1.9864076773325603,0.0,-3.680260499318441,-1.4414644,-1.4498271,-1.3647503,-1.4594163,-1.6416517,-1.6719855,0.0,0.042396903,0.2439558,0.877825,1.1478969,1.6607409,0.0,0.0,0.0,0.0,0.0,0.0,-5.3867936,-3.9136732,-3.7945004,-2.7366476,-2.9403675,-3.3095798
