,loss,loss_pde,loss_ortho,loss_lipschitz,loss_sobolev,loss_pde_each0,loss_pde_each1,loss_pde_each2,loss_pde_each3,loss_pde_each4,loss_pde_each5,loss_pde_each6,loss_pde_each7,loss_ortho_each0,loss_ortho_each1,loss_ortho_each2,loss_ortho_each3,loss_ortho_each4,loss_ortho_each5,loss_ortho_each6,loss_ortho_each7,loss_lipschitz_each0,loss_lipschitz_each1,loss_lipschitz_each2,loss_lipschitz_each3,loss_lipschitz_each4,loss_lipschitz_each5,loss_lipschitz_each6,loss_lipschitz_each7,loss_sobolev_each0,loss_sobolev_each1,loss_sobolev_each2,loss_sobolev_each3,loss_sobolev_each4,loss_sobolev_each5,loss_sobolev_each6,loss_sobolev_each7
0,4.238777081171672,-1.4611834685007732,5.699960549672444,0.0,0.0,-1.4077169,-1.4121097,-1.2886646,-1.4153227,-1.6697274,-1.5104045,-1.7907914,-1.1947308,0.0,0.14789219,1.025844,1.7927176,2.101893,3.202861,2.712239,4.2164483,0.0,0.0,0.0,0.0,0.0,0.0,0.0,0.0,-4.515139,-4.6873755,-3.349659,-4.4595723,-5.2876954,-4.499003,-5.326169,-4.2496753
1,4.342041651407878,-0.896128366390864,5.238169987996419,0.0,0.0,-0.8093923,-0.88628274,-0.8490793,-0.905096,-0.88697505,-0.9714238,-0.94339085,-0.9173867,0.0,0.093880214,0.9779864,1.690951,2.012468,2.923045,2.4593084,3.8108146,0.0,0.0,0.0,0.0,0.0,0.0,0.0,0.0,-4.377168,-4.5252185,-3.2150679,-4.1698484,-4.9890776,-4.3166337,-5.359815,-3.9844968
2,3.656349500020345,-1.1664353708426158,4.822784900665283,0.0,0.0,-1.283471,-1.0687929,-0.97202045,-1.1838061,-1.2538947,-1.3289965,-1.1092073,-1.1312944,0.0,0.03807469,0.9007628,1.5687523,1.9178925,2.7216978,2.2987537,3.4148254,0.0,0.0,0.0,0.0,0.0,0.0,0.0,0.0,-4.286007,-4.345293,-3.2467616,-4.0066466,-4.8126893,-3.7668827,-5.1932473,-3.7640488
3,2.775919516881307,-1.7434642314910889,4.5193837483723955,0.0,0.0,-1.9019312,-1.8687644,-1.7819928,-1.6031481,-1.7801965,-1.685229,-1.7399658,-1.5864857,0.0,0.037448764,0.83850193,1.4342238,1.810119,2.5023692,2.3577156,3.071312,0.0,0.0,0.0,0.0,0.0,0.0,0.0,0.0,-4.2706327,-4.1498666,-3.2528563,-3.867443,-4.7227435,-3.372533,-4.9354415,-3.4291525
4,2.1605477333068848,-2.1630379358927407,4.323585669199626,0.0,0.0,-2.3749492,-2.447772,-2.1583977,-1.9594659,-1.763197,-2.6303267,-2.2529612,-1.7172333,0.0,0.050302345,0.74878854,1.3926301,1.7292948,2.3316603,2.4080749,2.8688104,0.0,0.0,0.0,0.0,0.0,0.0,0.0,0.0,-4.1109796,-4.057309,-3.2944355,-3.7539356,-4.652424,-3.1213856,-4.468862,-3.140199
5,3.199826796849569,-0.9967981378237406,4.196624914805095,0.0,0.0,-0.83408546,-1.0469123,-0.9564223,-1.2053002,-0.89281416,-0.9640153,-1.1096147,-0.965221,0.0,0.04159093,0.683482,1.4503247,1.6541023,2.1618059,2.4347298,2.7649643,0.0,0.0,0.0,0.0,0.0,0.0,0.0,0.0,-3.9726899,-4.0015855,-3.3723354,-3.671938,-4.5924716,-2.924278,-4.04166,-2.914423
6,2.437590758005778,-1.653740664323171,4.091331402460734,0.0,0.0,-1.7019228,-1.6504918,-1.4915053,-1.4286057,-1.6128236,-1.7170639,-1.8105398,-1.8169721,0.0,0.02662146,0.6351177,1.4598252,1.56207,2.008336,2.4426284,2.7756183,0.0,0.0,0.0,0.0,0.0,0.0,0.0,0.0,-3.7817333,-3.9936812,-3.4297044,-3.6445248,-4.580156,-2.7660067,-3.7271194,-2.7457159
7,2.8384053707122803,-1.151210864384969,3.9896162350972495,0.0,0.0,-1.2935058,-1.10967,-1.1879029,-1.1322397,-1.0301868,-1.2780422,-1.0931593,-1.0849801,0.0,0.016210398,0.56582385,1.449533,1.4884663,1.8639692,2.4559753,2.7989995,0.0,0.0,0.0,0.0,0.0,0.0,0.0,0.0,-3.6065407,-4.0018396,-3.4640846,-3.6198063,-4.5684466,-2.6373558,-3.472388,-2.6049936
8,2.3466450770696006,-1.6117686827977498,3.95841375986735,0.0,0.0,-1.6429504,-1.544539,-1.3744941,-1.5690212,-1.5981859,-1.7252105,-1.682011,-1.7577375,0.0,0.030655026,0.526303,1.4465593,1.5419587,1.722421,2.5204225,2.7674506,0.0,0.0,0.0,0.0,0.0,0.0,0.0,0.0,-3.494724,-3.9991329,-3.4965305,-3.598469,-4.5476055,-2.5236607,-3.27965,-2.477286
9,2.1535658836364746,-1.7566097180048625,3.9101755619049072,0.0,0.0,-1.8916246,-1.8808235,-1.5403651,-1.4535227,-1.9074808,-1.8607711,-1.752689,-1.7656006,0.0,0.034585636,0.47712073,1.4737792,1.5911053,1.605475,2.5596342,2.6854343,0.0,0.0,0.0,0.0,0.0,0.0,0.0,0.0,-3.4078712,-3.9853802,-3.524402,-3.5812492,-4.540713,-2.4247901,-3.1299667,-2.3747604
10,2.158135414123535,-1.6874484221140544,3.8455838362375894,0.0,0.0,-1.7198073,-1.912036,-1.5129862,-1.4310459,-1.5337116,-1.9560779,-1.7019982,-1.7319245,0.0,0.02756075,0.40791628,1.5295459,1.61649,1.4979978,2.5811841,2.594196,0.0,0.0,0.0,0.0,0.0,0.0,0.0,0.0,-3.3675625,-3.917347,-3.5517056,-3.5844994,-4.5199,-2.3495681,-3.008643,-2.3105738
11,2.166634718577067,-1.5830231507619221,3.7496578693389893,0.0,0.0,-1.8278322,-1.5395784,-1.3712021,-1.5549821,-1.5165453,-1.8204004,-1.5049458,-1.5286986,0.0,0.014500181,0.35338676,1.5880332,1.6206852,1.3758106,2.5663555,2.4803164,0.0,0.0,0.0,0.0,0.0,0.0,0.0,0.0,-3.3862019,-3.773178,-3.6283662,-3.6014662,-4.4729996,-2.282109,-2.9010575,-2.2760742
12,2.3500056664148965,-1.302178720633189,3.6521844069163003,0.0,0.0,-1.4427309,-1.2696806,-1.3873457,-1.2819709,-1.3100978,-1.194067,-1.0634762,-1.4680606,0.0,0.019186815,0.31163076,1.6403462,1.6261063,1.2622309,2.550373,2.3292842,0.0,0.0,0.0,0.0,0.0,0.0,0.0,0.0,-3.414938,-3.6532724,-3.6931934,-3.601118,-4.4145947,-2.2350829,-2.7807684,-2.2461896
13,1.637325604756673,-1.9149634043375652,3.5522890090942383,0.0,0.0,-1.784475,-2.023639,-2.0924938,-1.9999086,-2.0672157,-1.8883896,-1.7531444,-1.710441,0.0,0.02050829,0.31158182,1.6533786,1.6291035,1.1352985,2.5584905,2.1644096,0.0,0.0,0.0,0.0,0.0,0.0,0.0,0.0,-3.4402847,-3.5970314,-3.5425005,-3.6115837,-4.376844,-2.203305,-2.6973631,-2.2265596
14,2.392677148183187,-1.0488534768422444,3.4415305455525718,0.0,0.0,-0.84023595,-1.2627894,-1.08898,-0.97500557,-1.0666677,-1.105847,-1.1522657,-0.8990369,0.0,0.016045213,0.32788613,1.6336275,1.6399846,1.0108962,2.5627954,1.98618,0.0,0.0,0.0,0.0,0.0,0.0,0.0,0.0,-3.4682415,-3.5618908,-3.3639205,-3.628782,-4.366129,-2.1766684,-2.6225736,-2.222039
15,2.2464300394058228,-1.1074373523394268,3.3538673718770347,0.0,0.0,-1.057679,-1.335955,-0.9528888,-1.1206759,-1.1444598,-1.0961164,-1.0285343,-1.1231894,0.0,0.011906226,0.3577782,1.6044215,1.6544324,0.9188611,2.5381505,1.8580961,0.0,0.0,0.0,0.0,0.0,0.0,0.0,0.0,-3.5166843,-3.5337756,-3.2811363,-3.6496372,-4.3473353,-2.1497233,-2.4816685,-2.2392592
16,1.8263423442840576,-1.440948247909546,3.2672906716664634,0.0,0.0,-1.386064,-1.6112727,-1.3247714,-1.5757107,-1.2196611,-1.5654365,-1.3340658,-1.510604,0.0,0.014570872,0.37012076,1.5857543,1.6562748,0.83573407,2.5013318,1.7489891,0.0,0.0,0.0,0.0,0.0,0.0,0.0,0.0,-3.587547,-3.5190756,-3.2571309,-3.6640155,-4.315079,-2.1359456,-2.3493934,-2.3207624
17,0.8927236795425415,-2.273250937461853,3.1659746170043945,0.0,0.0,-2.280246,-2.545664,-2.148519,-2.124056,-2.4534912,-2.5886104,-2.0319479,-2.0134735,0.0,0.02423954,0.35902902,1.5701027,1.646565,0.77445984,2.4453528,1.6228501,0.0,0.0,0.0,0.0,0.0,0.0,0.0,0.0,-3.6679199,-3.5377924,-3.2681723,-3.6896935,-4.2887764,-2.1426136,-2.2387722,-2.3958282
18,2.054619471232096,-1.0433226972818375,3.0979421933492026,0.0,0.0,-1.1991258,-1.1718282,-0.93495584,-0.7001454,-1.1262375,-1.229677,-1.0850359,-0.8995759,0.0,0.031859238,0.35876322,1.5649787,1.6277189,0.7852013,2.366471,1.5261866,0.0,0.0,0.0,0.0,0.0,0.0,0.0,0.0,-3.7395942,-3.5488942,-3.3047752,-3.6910934,-4.2796125,-2.1516864,-2.1454322,-2.4476469
19,2.380471626917521,-0.6706141233444214,3.0510857105255127,0.0,0.0,-0.5875761,-0.7266894,-0.72082835,-0.62731105,-0.75281477,-0.6977203,-0.5855835,-0.6663895,0.0,0.029638171,0.36464712,1.5637256,1.6105934,0.8109948,2.2661467,1.4904823,0.0,0.0,0.0,0.0,0.0,0.0,0.0,0.0,-3.7999,-3.543051,-3.3174818,-3.659053,-4.268678,-2.1691644,-2.0745409,-2.4815245
20,1.490270694096883,-1.5077093442281086,2.9979800383249917,0.0,0.0,-1.3052353,-1.5318581,-1.4830403,-1.7704786,-1.442613,-1.5317515,-1.7294337,-1.2672644,0.0,0.021948298,0.36223745,1.5627788,1.5954803,0.82179356,2.1672325,1.4631425,0.0,0.0,0.0,0.0,0.0,0.0,0.0,0.0,-3.830598,-3.5384274,-3.3055096,-3.6260998,-4.2624664,-2.1889503,-2.0470145,-2.4825716
21,2.2819873491923013,-0.6811935106913248,2.9631808598836265,0.0,0.0,-0.45975927,-0.79119706,-0.721838,-0.62066144,-0.7507973,-0.9408099,-0.73645836,-0.42802653,0.0,0.01885303,0.3655431,1.5437465,1.5818871,0.8238732,2.1080732,1.4598398,0.0,0.0,0.0,0.0,0.0,0.0,0.0,0.0,-3.8751984,-3.4580977,-3.2449715,-3.5975485,-4.280641,-2.201491,-2.025669,-2.4463158
22,1.6215500434239705,-1.3345726529757183,2.956122716267904,0.0,0.0,-1.3125877,-1.3072147,-1.0912906,-1.2383237,-1.4454103,-1.4836594,-1.4747444,-1.3233504,0.0,0.018800775,0.413709,1.514154,1.5472565,0.83539695,2.0797904,1.4738865,0.0,0.0,0.0,0.0,0.0,0.0,0.0,0.0,-3.9107895,-3.3113747,-3.079038,-3.5627737,-4.284593,-2.2300954,-2.019404,-2.4145262
23,1.5253904263178508,-1.4144245187441509,2.9398149649302163,0.0,0.0,-1.5127462,-1.5490495,-1.2516136,-1.4175617,-1.5456287,-1.30154,-1.3275034,-1.4097528,0.0,0.017454585,0.4487072,1.497746,1.5219644,0.83198625,2.0324714,1.4891768,0.0,0.0,0.0,0.0,0.0,0.0,0.0,0.0,-4.0157714,-3.2287323,-2.903207,-3.4539258,-4.284966,-2.2668307,-2.0170023,-2.3452015
24,1.8917989333470662,-1.0296848217646282,2.9214837551116943,0.0,0.0,-0.8779102,-1.2199203,-1.0061272,-1.1450408,-0.98130304,-1.2050627,-0.967103,-0.835011,0.0,0.018407544,0.46687582,1.4757472,1.5021296,0.8298878,1.9832811,1.5142946,0.0,0.0,0.0,0.0,0.0,0.0,0.0,0.0,-4.0850377,-3.1764708,-2.77586,-3.3206692,-4.288706,-2.3189306,-2.0248199,-2.3073947
25,1.7693910598754883,-1.132903168598811,2.9022942384084067,0.0,0.0,-1.0910841,-0.961742,-1.1408015,-1.0930451,-1.1374819,-1.2383934,-1.2827835,-1.1178936,0.0,0.017582059,0.47779152,1.4533213,1.4831944,0.83350366,1.9289545,1.545104,0.0,0.0,0.0,0.0,0.0,0.0,0.0,0.0,-4.159186,-3.1905167,-2.6797264,-3.2091084,-4.304014,-2.3802345,-2.053445,-2.3255727
26,1.4378465414047241,-1.4373685121536255,2.8752150535583496,0.0,0.0,-1.2104574,-1.5183024,-1.2701865,-1.509509,-1.5680591,-1.5789982,-1.4902369,-1.3531977,0.0,0.017385641,0.47925723,1.4313549,1.4672503,0.835299,1.8732158,1.5634775,0.0,0.0,0.0,0.0,0.0,0.0,0.0,0.0,-4.2093425,-3.2172582,-2.5919259,-3.1141474,-4.3104796,-2.451584,-2.0967145,-2.3300822
27,1.4864736795425415,-1.3672495484352112,2.8537232081095376,0.0,0.0,-1.1537697,-1.3981661,-1.3534762,-1.2904557,-1.178859,-1.632052,-1.4332895,-1.4979286,0.0,0.011074583,0.4754698,1.4062248,1.454743,0.8412413,1.8695227,1.551652,0.0,0.0,0.0,0.0,0.0,0.0,0.0,0.0,-4.2555523,-3.2298167,-2.545468,-3.0412004,-4.266047,-2.524937,-2.1496274,-2.3538659
28,1.0238761107126872,-1.7942290306091309,2.818105141321818,0.0,0.0,-1.7145084,-1.8530797,-1.87369,-1.6338202,-1.6811047,-2.0722818,-1.775733,-1.7496142,0.0,0.007297794,0.47099495,1.381156,1.4368058,0.8370225,1.8689184,1.5127512,0.0,0.0,0.0,0.0,0.0,0.0,0.0,0.0,-4.276097,-3.227679,-2.52117,-2.9897897,-4.2283993,-2.5937603,-2.1981874,-2.3099973
29,1.7996131579081218,-0.9887929658095042,2.7884061336517334,0.0,0.0,-1.0802413,-0.8278236,-0.96950364,-0.945358,-1.0436789,-0.88960695,-1.1327417,-1.0213897,0.0,0.008957903,0.4704297,1.3589946,1.4122587,0.8369028,1.8579531,1.4902531,0.0,0.0,0.0,0.0,0.0,0.0,0.0,0.0,-4.2945957,-3.2366583,-2.5159423,-2.9532359,-4.214233,-2.6505425,-2.2427948,-2.2876341
30,0.6696436405181885,-2.0929342110951743,2.762577851613363,0.0,0.0,-2.1620913,-2.1629543,-1.9908196,-1.9607105,-2.2948792,-2.186539,-1.8461084,-2.1393714,0.0,0.0142349405,0.4645345,1.3316506,1.3944091,0.8432725,1.8468074,1.4719654,0.0,0.0,0.0,0.0,0.0,0.0,0.0,0.0,-4.336374,-3.2400482,-2.5195858,-2.929814,-4.196358,-2.7050726,-2.282081,-2.2803524
31,1.2564191818237305,-1.4801374872525532,2.7365566889444985,0.0,0.0,-1.2264857,-1.7520857,-1.4356395,-1.3112886,-1.5692476,-1.5727037,-1.4188623,-1.5547873,0.0,0.014757752,0.45517412,1.2696717,1.4145006,0.8381834,1.8446312,1.4605657,0.0,0.0,0.0,0.0,0.0,0.0,0.0,0.0,-4.37429,-3.2534,-2.538128,-2.904052,-4.2021904,-2.7674553,-2.3449461,-2.2857277
32,1.2879894574483235,-1.4114465912183125,2.6994360287984214,0.0,0.0,-1.3599906,-1.3988838,-1.3954058,-1.4472747,-1.2157615,-1.4586228,-1.498674,-1.5169597,0.0,0.020908633,0.44310248,1.2100916,1.4411302,0.81666106,1.8353696,1.4312323,0.0,0.0,0.0,0.0,0.0,0.0,0.0,0.0,-4.3869023,-3.2642307,-2.5807657,-2.8933115,-4.2284245,-2.834114,-2.4343421,-2.3003561
33,1.4399704138437908,-1.2177180449167888,2.6576884587605796,0.0,0.0,-1.2277659,-1.2809097,-1.3262017,-1.0820669,-1.2596925,-1.2373389,-0.9968138,-1.3309547,0.0,0.02702117,0.42202666,1.1628826,1.4543327,0.8104334,1.8186308,1.391842,0.0,0.0,0.0,0.0,0.0,0.0,0.0,0.0,-4.3714585,-3.2747033,-2.636232,-2.8983214,-4.275802,-2.894233,-2.5394287,-2.3098848
34,1.2171021699905396,-1.4145354827245076,2.6316376527150473,0.0,0.0,-1.277803,-1.3786179,-1.1418039,-1.5080131,-1.639876,-1.6309582,-1.1190916,-1.6201195,0.0,0.033594012,0.40470645,1.1273847,1.4653822,0.82060575,1.8003098,1.3657174,0.0,0.0,0.0,0.0,0.0,0.0,0.0,0.0,-4.3730273,-3.2909994,-2.6767635,-2.9057896,-4.3163185,-2.9285438,-2.64457,-2.3205252
35,0.43611741065979004,-2.176035165786743,2.612152576446533,0.0,0.0,-2.2738593,-2.3458107,-2.4124992,-2.0968273,-2.5224712,-2.1194289,-1.6931791,-1.9442061,0.0,0.03207509,0.38795075,1.1034212,1.4713011,0.82950646,1.7931291,1.3483564,0.0,0.0,0.0,0.0,0.0,0.0,0.0,0.0,-4.3831334,-3.320963,-2.7269876,-2.9122276,-4.2976537,-2.933863,-2.6838322,-2.3262548
36,0.891459067662557,-1.7432809869448345,2.6347400347391763,0.0,0.0,-1.7688494,-1.6310133,-1.7426519,-1.7206545,-1.9324374,-1.9720067,-1.4558487,-1.7227861,0.0,0.026078144,0.37109098,1.0813866,1.4800196,0.83852863,1.8895811,1.3392884,0.0,0.0,0.0,0.0,0.0,0.0,0.0,0.0,-4.317983,-3.361145,-2.7612438,-2.913374,-4.266377,-2.917899,-2.510925,-2.3300931
37,1.0889712969462078,-1.557749589284261,2.6467208862304688,0.0,0.0,-1.4460545,-1.4889253,-1.6832129,-1.4142284,-1.6497011,-1.625419,-1.690877,-1.4635783,0.0,0.019966325,0.3588047,1.060838,1.490584,0.84249496,1.9509945,1.3342403,0.0,0.0,0.0,0.0,0.0,0.0,0.0,0.0,-4.262975,-3.3993604,-2.7797832,-2.917015,-4.2235875,-2.8948383,-2.4276738,-2.3329954
38,1.0203530391057332,-1.6265236139297485,2.646876653035482,0.0,0.0,-1.6365,-1.4346143,-1.5060272,-1.6086015,-1.5959115,-1.7274622,-1.5933763,-1.909696,0.0,0.012907703,0.3451201,1.042869,1.4928694,0.8400166,1.9948467,1.3297081,0.0,0.0,0.0,0.0,0.0,0.0,0.0,0.0,-4.2334075,-3.432607,-2.7913845,-2.9153004,-4.149103,-2.866214,-2.3733542,-2.3390179
39,1.2774863640467327,-1.3613182306289673,2.6388045946756997,0.0,0.0,-1.200273,-1.3365875,-1.356711,-1.4599566,-1.3698592,-1.6743068,-1.2308228,-1.2620292,0.0,0.010993123,0.33226955,1.0278411,1.4852413,0.8318004,2.0198252,1.3288413,0.0,0.0,0.0,0.0,0.0,0.0,0.0,0.0,-4.250395,-3.4545944,-2.7953699,-2.907961,-4.059963,-2.8346217,-2.3548539,-2.3551838
40,1.0900225639343262,-1.5426142811775208,2.632636864980062,0.0,0.0,-1.3936535,-1.3848702,-1.5542397,-1.49826,-1.6261406,-1.6013778,-1.4902395,-1.7921333,0.0,0.010058443,0.32260904,1.0184293,1.4664747,0.83152956,2.0369542,1.3343099,0.0,0.0,0.0,0.0,0.0,0.0,0.0,0.0,-4.2504373,-3.4630566,-2.793787,-2.893101,-3.9585488,-2.8060303,-2.3489354,-2.3668747
41,1.7550257047017415,-0.8751245910922686,2.630150318145752,0.0,0.0,-1.0851575,-1.0110766,-0.8074622,-0.8548574,-0.7512362,-0.9257938,-0.6566981,-0.90871483,0.0,0.015283783,0.3144491,1.0058149,1.4460386,0.84504414,2.0465896,1.3405143,0.0,0.0,0.0,0.0,0.0,0.0,0.0,0.0,-4.241958,-3.4576435,-2.7900617,-2.8783684,-3.863223,-2.7826626,-2.347002,-2.3801537
42,1.8814129034678142,-0.7449508309364319,2.626363754272461,0.0,0.0,-0.7125335,-0.8988196,-0.6004803,-0.65541434,-0.8219211,-0.75459486,-0.737227,-0.7786158,0.0,0.014379621,0.30996048,0.9950018,1.4427389,0.8468237,2.0560954,1.3386365,0.0,0.0,0.0,0.0,0.0,0.0,0.0,0.0,-4.228582,-3.4815826,-2.7911625,-2.859855,-3.7907553,-2.775956,-2.338096,-2.3937025
43,1.4074046611785889,-1.2046823700269063,2.6120870113372803,0.0,0.0,-1.2137834,-1.2878304,-1.3982714,-1.1567627,-1.0846847,-1.2922927,-1.1753844,-1.0284497,0.0,0.010111332,0.3025848,0.97996235,1.4392859,0.8453479,2.0564363,1.3318368,0.0,0.0,0.0,0.0,0.0,0.0,0.0,0.0,-4.24793,-3.5104287,-2.8039253,-2.8419788,-3.7324927,-2.7819765,-2.3441575,-2.403262
44,1.060131351153056,-1.5393503606319427,2.599481741587321,0.0,0.0,-1.5589138,-1.5077866,-1.5727706,-1.4567064,-1.5308948,-1.7646542,-1.4614743,-1.4616019,0.0,0.0068686404,0.29956624,0.9576451,1.4340305,0.864418,2.044919,1.3245037,0.0,0.0,0.0,0.0,0.0,0.0,0.0,0.0,-4.2906337,-3.4673538,-2.7866364,-2.8213558,-3.678085,-2.7820694,-2.3530118,-2.4100041
45,1.4329602718353271,-1.158515214920044,2.591475486755371,0.0,0.0,-1.0441628,-1.249951,-1.19359,-1.1544031,-1.219091,-1.291166,-0.95868987,-1.157068,0.0,0.007069429,0.297786,0.94019145,1.4286855,0.8886717,2.0316932,1.3165039,0.0,0.0,0.0,0.0,0.0,0.0,0.0,0.0,-4.344121,-3.4210694,-2.7608573,-2.7992294,-3.6377354,-2.7844524,-2.351487,-2.4116106
46,1.4695874452590942,-1.1157212033867836,2.58530863126119,0.0,0.0,-1.0144955,-1.2214842,-1.1679975,-1.179569,-1.1968713,-1.1568719,-0.9597557,-1.0287241,0.0,0.0047806106,0.30586302,0.9267824,1.4063052,0.92039585,2.0136924,1.3163368,0.0,0.0,0.0,0.0,0.0,0.0,0.0,0.0,-4.43383,-3.3776977,-2.732629,-2.7758386,-3.6030416,-2.79013,-2.3583329,-2.4067147
47,1.8581486543019612,-0.730874157200257,2.5890227953592935,0.0,0.0,-0.63446945,-0.9257218,-0.5574154,-0.753407,-0.6718351,-0.8826976,-0.6576363,-0.7638109,0.0,0.025142113,0.32959267,0.9187992,1.3696061,0.95488983,1.9935888,1.3124418,0.0,0.0,0.0,0.0,0.0,0.0,0.0,0.0,-4.508665,-3.337817,-2.708272,-2.7544525,-3.6033638,-2.796397,-2.3700414,-2.4003725
48,0.5253393252690634,-2.081144690513611,2.6064840157826743,0.0,0.0,-2.1839573,-1.9794134,-2.257417,-1.9085323,-2.1322405,-2.1633918,-1.9122366,-2.1119683,0.0,0.07270714,0.36839017,0.91947085,1.3111929,1.0026352,1.9698124,1.3064157,0.0,0.0,0.0,0.0,0.0,0.0,0.0,0.0,-4.4261584,-3.2754152,-2.6885655,-2.7328966,-3.5972369,-2.802227,-2.3850524,-2.4036694
49,1.831469178199768,-0.7863417069117228,2.6178108851114907,0.0,0.0,-0.617909,-1.001067,-0.7541497,-0.67634916,-1.1016239,-0.77636546,-0.57037836,-0.7928908,0.0,0.10618337,0.39327073,0.9147267,1.2625415,1.0335212,1.9612446,1.3093408,0.0,0.0,0.0,0.0,0.0,0.0,0.0,0.0,-4.2598033,-3.2568169,-2.6903296,-2.7154264,-3.5669792,-2.8032548,-2.409669,-2.4047537
50,1.8803369204203289,-0.7402411829680204,2.620578130086263,0.0,0.0,-0.7523125,-0.87426704,-0.41444993,-0.8446505,-0.7256244,-0.8886892,-0.69973916,-0.72219676,0.0,0.12624705,0.4052349,0.9089562,1.2315093,1.0470574,1.9498458,1.3193579,0.0,0.0,0.0,0.0,0.0,0.0,0.0,0.0,-4.1709485,-3.254306,-2.6960306,-2.7091367,-3.5380914,-2.8023875,-2.474272,-2.4054205
51,1.3895809253056843,-1.2286194364229839,2.6182003815968833,0.0,0.0,-1.168757,-1.2404696,-1.2538022,-1.0850031,-1.2936993,-1.2874509,-1.0376462,-1.4621276,0.0,0.12747245,0.4059241,0.9078088,1.2317367,1.0445751,1.9448439,1.3195068,0.0,0.0,0.0,0.0,0.0,0.0,0.0,0.0,-4.1633706,-3.256395,-2.6969507,-2.7092297,-3.5559063,-2.8025215,-2.4829454,-2.4034984
52,0.8839157819747925,-1.7315659920374553,2.6154817740122476,0.0,0.0,-1.5609187,-1.8772303,-1.5694913,-1.8055931,-1.9768745,-1.8417147,-1.6593333,-1.5613719,0.0,0.12793648,0.40577495,0.9067262,1.233787,1.0404841,1.940077,1.3198322,0.0,0.0,0.0,0.0,0.0,0.0,0.0,0.0,-4.1584864,-3.2586107,-2.6982448,-2.709566,-3.5775483,-2.8023396,-2.4866664,-2.4019864
53,1.7151717344919841,-0.8982008695602417,2.613372564315796,0.0,0.0,-0.7759579,-0.81154984,-0.8459223,-0.89963466,-0.7556965,-0.96752304,-0.88828945,-1.2410332,0.0,0.12791102,0.4050376,0.9053882,1.2353805,1.0377201,1.9374274,1.3201288,0.0,0.0,0.0,0.0,0.0,0.0,0.0,0.0,-4.1543026,-3.2618103,-2.7004278,-2.7095888,-3.5942886,-2.8023384,-2.4898489,-2.4018567
54,1.5193740129470825,-1.0924875438213348,2.61186154683431,0.0,0.0,-0.97746235,-1.1221775,-0.99181896,-1.0822923,-1.2384797,-1.1130115,-1.0470713,-1.1675866,0.0,0.12841208,0.40440977,0.9040043,1.2362233,1.0362571,1.9355067,1.3201507,0.0,0.0,0.0,0.0,0.0,0.0,0.0,0.0,-4.147848,-3.2648628,-2.7028866,-2.709134,-3.6115797,-2.8032532,-2.4922583,-2.4004745
55,1.0664132436116536,-1.5435397028923035,2.609952926635742,0.0,0.0,-1.4427017,-1.7638572,-1.4904615,-1.4326197,-1.4439669,-1.6119761,-1.3672143,-1.7955207,0.0,0.12831028,0.40285918,0.9020944,1.2370336,1.0354322,1.9339811,1.3201634,0.0,0.0,0.0,0.0,0.0,0.0,0.0,0.0,-4.143797,-3.2670107,-2.706812,-2.7083092,-3.6251252,-2.8037863,-2.4929354,-2.3981113
56,0.8629813194274902,-1.7454495429992676,2.608430862426758,0.0,0.0,-1.7719836,-1.9044644,-1.6899451,-1.6428223,-1.8039919,-1.9041744,-1.507596,-1.738618,0.0,0.12822668,0.401745,0.89981633,1.2374169,1.0359977,1.9323235,1.320289,0.0,0.0,0.0,0.0,0.0,0.0,0.0,0.0,-4.1413217,-3.2678506,-2.7100294,-2.7074053,-3.6346872,-2.803632,-2.4944804,-2.3951743
57,1.4382214546203613,-1.1681037942568462,2.6063252290089927,0.0,0.0,-0.9915171,-1.148019,-1.1336707,-1.0326926,-1.1320552,-1.3150866,-1.1524698,-1.4393197,0.0,0.12741904,0.40052596,0.8971873,1.2385882,1.0353855,1.9298617,1.321233,0.0,0.0,0.0,0.0,0.0,0.0,0.0,0.0,-4.1357403,-3.267431,-2.707976,-2.7061965,-3.6405518,-2.8031425,-2.4972744,-2.3925698
58,1.4016005992889404,-1.2035178144772847,2.60511843363444,0.0,0.0,-1.174122,-1.067146,-1.2071124,-1.0764586,-1.0967426,-1.2983599,-1.1094769,-1.598724,0.0,0.12644117,0.40086868,0.89522284,1.2404848,1.0345336,1.9269834,1.3224484,0.0,0.0,0.0,0.0,0.0,0.0,0.0,0.0,-4.132154,-3.2672386,-2.702172,-2.7045944,-3.6442356,-2.8024285,-2.499225,-2.3899252
59,1.4618949095408122,-1.1417564153671265,2.603651285171509,0.0,0.0,-1.2219776,-1.1703299,-1.1833082,-1.0748367,-1.0290909,-0.914679,-1.3044425,-1.2353863,0.0,0.12543058,0.4006667,0.8931842,1.2418534,1.0343009,1.9242271,1.323407,0.0,0.0,0.0,0.0,0.0,0.0,0.0,0.0,-4.1314273,-3.2669296,-2.6989448,-2.7024155,-3.6472127,-2.8014336,-2.5008137,-2.3870225
60,0.8488403161366781,-1.75249582529068,2.6013361612955728,0.0,0.0,-1.6732308,-1.7944403,-1.7582439,-1.8499402,-1.9255953,-1.7075891,-1.5954847,-1.7154427,0.0,0.12476822,0.3999109,0.8916399,1.2424517,1.0336703,1.9202662,1.3241888,0.0,0.0,0.0,0.0,0.0,0.0,0.0,0.0,-4.131003,-3.2673178,-2.697792,-2.7010524,-3.649479,-2.8014157,-2.5048025,-2.3850963
61,0.9675645430882772,-1.6310731967290242,2.5986377398173013,0.0,0.0,-1.8079232,-1.5991837,-1.4203415,-1.586126,-1.9293896,-1.680172,-1.5747466,-1.4507027,0.0,0.12407124,0.39906994,0.889936,1.2429782,1.0326872,1.9159158,1.3250422,0.0,0.0,0.0,0.0,0.0,0.0,0.0,0.0,-4.1308312,-3.2686508,-2.6962423,-2.7000983,-3.6509535,-2.8019772,-2.509767,-2.3819635
62,1.5001511573791504,-1.0955313245455425,2.595682462056478,0.0,0.0,-0.97582453,-1.1567183,-0.9972153,-0.9986408,-1.1643274,-1.1683463,-1.1361325,-1.1670455,0.0,0.12268162,0.39745605,0.888062,1.2447671,1.0320344,1.9113603,1.3254586,0.0,0.0,0.0,0.0,0.0,0.0,0.0,0.0,-4.11614,-3.2706,-2.6955707,-2.6989458,-3.6507454,-2.8024158,-2.513875,-2.378767
63,1.6745171149571736,-0.9174621999263763,2.5919793446858725,0.0,0.0,-0.6943796,-1.1987064,-0.6990654,-0.6239721,-1.0591285,-1.1388177,-0.79169816,-1.1339301,0.0,0.11986498,0.3946918,0.88579893,1.2481675,1.0303589,1.9065934,1.3264693,0.0,0.0,0.0,0.0,0.0,0.0,0.0,0.0,-4.1014137,-3.2722838,-2.6951237,-2.6977441,-3.6500556,-2.8022976,-2.5178459,-2.375438
64,1.3782215118408203,-1.2106629212697346,2.588884433110555,0.0,0.0,-1.1884679,-1.3995384,-0.9920017,-1.1926618,-1.410052,-1.3490387,-1.0323085,-1.1212349,0.0,0.11756841,0.3925139,0.88377213,1.2510762,1.0284523,1.9027568,1.3275523,0.0,0.0,0.0,0.0,0.0,0.0,0.0,0.0,-4.089624,-3.2739131,-2.694039,-2.6965206,-3.6480591,-2.8019378,-2.521108,-2.3723063
65,0.8075375556945801,-1.7797448635101318,2.587282419204712,0.0,0.0,-1.7896382,-1.7197547,-1.6785702,-1.9175353,-1.789065,-1.9892565,-1.6007713,-1.7533679,0.0,0.11578182,0.39068082,0.8819413,1.2532474,1.0274411,1.9016027,1.3287245,0.0,0.0,0.0,0.0,0.0,0.0,0.0,0.0,-4.080001,-3.274953,-2.6934013,-2.694898,-3.6446514,-2.801616,-2.5194159,-2.3689039
66,1.7985703150431316,-0.7868473132451376,2.5854175885518393,0.0,0.0,-0.74630564,-0.87386066,-0.7646115,-0.7332668,-0.73261315,-0.9175067,-0.8715353,-0.6550787,0.0,0.11431233,0.3887281,0.8802209,1.2551831,1.0265757,1.9004021,1.3290249,0.0,0.0,0.0,0.0,0.0,0.0,0.0,0.0,-4.0721445,-3.2753277,-2.693721,-2.6924593,-3.640507,-2.8018296,-2.514393,-2.364823
67,1.4382385810216267,-1.1429397662480671,2.581178347269694,0.0,0.0,-0.9570436,-1.2517124,-1.175767,-1.2631336,-1.1394292,-1.1744637,-1.112776,-1.0691925,0.0,0.1132398,0.38698938,0.8784376,1.256423,1.0245104,1.8993902,1.324152,0.0,0.0,0.0,0.0,0.0,0.0,0.0,0.0,-4.0672135,-3.2777665,-2.695882,-2.689338,-3.6408002,-2.800835,-2.5098727,-2.3659368
68,0.7974652449289957,-1.7816136678059895,2.5790789127349854,0.0,0.0,-1.6467108,-1.6653024,-2.0494761,-1.8356018,-1.6738838,-1.7916123,-1.7746143,-1.8157076,0.0,0.11282345,0.38488904,0.8767727,1.2572907,1.0225424,1.899161,1.3240647,0.0,0.0,0.0,0.0,0.0,0.0,0.0,0.0,-4.0676675,-3.281504,-2.7007492,-2.6866152,-3.6437013,-2.8000107,-2.5075915,-2.3828084
69,1.6276251872380574,-0.9500995551546415,2.5777247746785483,0.0,0.0,-0.95279217,-0.9539134,-0.90926886,-0.9750409,-0.8744273,-1.0651097,-0.7873757,-1.082868,0.0,0.112070955,0.38272476,0.8750436,1.2582718,1.0209874,1.8988172,1.3260169,0.0,0.0,0.0,0.0,0.0,0.0,0.0,0.0,-4.067491,-3.2848895,-2.704972,-2.684474,-3.6440513,-2.7992656,-2.5047367,-2.3958197
70,1.2687434355417888,-1.3071442643801372,2.575887680053711,0.0,0.0,-1.018496,-1.3222865,-1.4596297,-1.0833977,-1.7301286,-1.4415325,-1.1430331,-1.2586503,0.0,0.11042428,0.38060367,0.8729937,1.2593178,1.02022,1.8978494,1.3276249,0.0,0.0,0.0,0.0,0.0,0.0,0.0,0.0,-4.067818,-3.2870662,-2.7087224,-2.6832268,-3.643082,-2.7984793,-2.5048654,-2.4053478
71,1.0649662415186565,-1.5087156693140666,2.573681910832723,0.0,0.0,-1.5535325,-1.7901121,-1.2902371,-1.5631146,-1.5128856,-1.6474514,-1.2349491,-1.4774432,0.0,0.10889188,0.37862125,0.8707523,1.2602516,1.0194088,1.8966466,1.3285794,0.0,0.0,0.0,0.0,0.0,0.0,0.0,0.0,-4.0686793,-3.2879112,-2.7116516,-2.682793,-3.6417868,-2.796798,-2.5087497,-2.412181
72,1.0867044925689697,-1.4848211606343586,2.5715256532033286,0.0,0.0,-1.4589897,-1.3783666,-1.3480679,-1.3584536,-1.6473142,-1.5953469,-1.5257422,-1.566288,0.0,0.10755217,0.37680182,0.8687586,1.2608943,1.0188371,1.8949925,1.3295648,0.0,0.0,0.0,0.0,0.0,0.0,0.0,0.0,-4.068957,-3.2885888,-2.7138302,-2.6822274,-3.6400814,-2.7963822,-2.5121357,-2.4169166
73,0.854154904683431,-1.715303659439087,2.569458564122518,0.0,0.0,-1.6596142,-1.7151788,-1.8366758,-1.5410525,-1.9110829,-1.7251116,-1.5544392,-1.779275,0.0,0.10659663,0.37523508,0.86677617,1.2614609,1.0179056,1.8929243,1.3309907,0.0,0.0,0.0,0.0,0.0,0.0,0.0,0.0,-4.068936,-3.289073,-2.7175086,-2.6816795,-3.6364117,-2.7967336,-2.5166156,-2.4205134
74,0.9357864459355673,-1.6321954329808552,2.5679818789164224,0.0,0.0,-1.5715822,-1.5792608,-1.6193796,-1.6612917,-1.6377531,-1.8142705,-1.5816898,-1.5923363,0.0,0.10582288,0.3737619,0.8649824,1.2620662,1.0175961,1.8912109,1.3325114,0.0,0.0,0.0,0.0,0.0,0.0,0.0,0.0,-4.0680904,-3.2895787,-2.7195299,-2.6812065,-3.6333802,-2.7978756,-2.521693,-2.4230044
75,0.9998517036437988,-1.5665876070658367,2.5664393107096353,0.0,0.0,-1.3441595,-1.6705252,-1.6716033,-1.5126423,-1.4334813,-1.8888553,-1.356794,-1.6546396,0.0,0.104840316,0.3721474,0.8631861,1.2630004,1.0169283,1.8896008,1.334135,0.0,0.0,0.0,0.0,0.0,0.0,0.0,0.0,-4.06872,-3.2902565,-2.7211008,-2.6806533,-3.629823,-2.79949,-2.5248306,-2.4251225
76,1.253980000813802,-1.3110347191492717,2.565014680226644,0.0,0.0,-1.2623434,-1.2262232,-1.2839752,-1.3136529,-1.3861265,-1.2836086,-1.4245514,-1.3077967,0.0,0.10382637,0.37037775,0.861345,1.2644116,1.0160147,1.888522,1.3355417,0.0,0.0,0.0,0.0,0.0,0.0,0.0,0.0,-4.071723,-3.2908833,-2.722683,-2.6797183,-3.6242073,-2.8007755,-2.5270586,-2.4267414
77,0.9393564065297445,-1.6242173512776692,2.5635737578074136,0.0,0.0,-1.5732346,-1.5408316,-1.7226439,-1.5916773,-1.6245018,-1.8652382,-1.3953193,-1.6802922,0.0,0.103086986,0.3687642,0.8593221,1.2661158,1.0147192,1.887757,1.336431,0.0,0.0,0.0,0.0,0.0,0.0,0.0,0.0,-4.076113,-3.2916048,-2.7244146,-2.6774244,-3.619407,-2.7995045,-2.5331876,-2.4279249
78,1.515476902325948,-1.0466583768526714,2.5621352990468345,0.0,0.0,-0.77790576,-1.1009376,-1.0684109,-1.14478,-1.1786617,-1.0285279,-0.93836695,-1.1356763,0.0,0.10235139,0.3672622,0.8573802,1.2675773,1.0142612,1.8865825,1.3369457,0.0,0.0,0.0,0.0,0.0,0.0,0.0,0.0,-4.079882,-3.2921743,-2.7261283,-2.6747758,-3.6143792,-2.79861,-2.536647,-2.4290173
79,1.1993988355000813,-1.3611868619918823,2.5605857372283936,0.0,0.0,-1.4167552,-1.2766665,-1.320952,-1.3380424,-1.4274665,-1.4850627,-1.1813391,-1.4432101,0.0,0.101651035,0.36580527,0.85549515,1.2686963,1.0138229,1.8854355,1.3373228,0.0,0.0,0.0,0.0,0.0,0.0,0.0,0.0,-4.082069,-3.2923281,-2.7277555,-2.6720445,-3.6106617,-2.7984645,-2.5390637,-2.429682
80,1.2500834862391155,-1.3087398608525593,2.558823347091675,0.0,0.0,-1.1768657,-1.3880018,-1.3457435,-1.2277156,-1.317165,-1.5412275,-1.2174124,-1.2557871,0.0,0.10125244,0.36424956,0.8539004,1.2694587,1.0131251,1.88375,1.3377934,0.0,0.0,0.0,0.0,0.0,0.0,0.0,0.0,-4.0881305,-3.2924156,-2.7300596,-2.669731,-3.6077986,-2.798004,-2.538428,-2.4303901
81,1.2448222239812214,-1.3119945526123047,2.556816736857096,0.0,0.0,-1.1424687,-1.2693757,-1.2855105,-1.2396595,-1.2868994,-1.6260053,-1.1716714,-1.4743658,0.0,0.10030631,0.3620939,0.85190815,1.2704781,1.0125097,1.8825198,1.3383621,0.0,0.0,0.0,0.0,0.0,0.0,0.0,0.0,-4.0958223,-3.292261,-2.7334309,-2.667806,-3.6054738,-2.7978153,-2.5365458,-2.430809
82,1.4528849124908447,-1.1023427446683247,2.5552276770273843,0.0,0.0,-1.2156473,-1.1615088,-1.2175243,-0.94748086,-1.1198686,-1.1747322,-1.0190419,-0.962938,0.0,0.09971162,0.36034808,0.85007256,1.2712094,1.012341,1.8812904,1.3389673,0.0,0.0,0.0,0.0,0.0,0.0,0.0,0.0,-4.102106,-3.2918065,-2.7369633,-2.6658037,-3.6045954,-2.798299,-2.5334666,-2.430638
83,0.9415926933288574,-1.6121501127878826,2.5537428061167398,0.0,0.0,-1.4954952,-1.7279562,-1.762733,-1.4938952,-1.5418916,-1.6561397,-1.3597299,-1.8593608,0.0,0.09921125,0.3589834,0.8484085,1.2713803,1.0127224,1.8797733,1.3395014,0.0,0.0,0.0,0.0,0.0,0.0,0.0,0.0,-4.1055846,-3.2904959,-2.7402012,-2.663594,-3.6018887,-2.798589,-2.5317163,-2.4300978
84,1.4428000450134277,-1.1089264551798503,2.551726500193278,0.0,0.0,-1.0685548,-1.1766934,-1.0335387,-1.1663364,-1.1368338,-1.2843331,-0.79238206,-1.2127396,0.0,0.09831095,0.35671604,0.8465106,1.2718468,1.0127033,1.8784704,1.3400456,0.0,0.0,0.0,0.0,0.0,0.0,0.0,0.0,-4.111281,-3.2874315,-2.741422,-2.6617453,-3.5955188,-2.7990096,-2.531116,-2.4298937
85,1.3564369678497314,-1.1939844290415447,2.550421396891276,0.0,0.0,-0.7921168,-1.1294264,-1.4320284,-0.9789191,-1.4271146,-1.5325207,-0.96682054,-1.292929,0.0,0.09762398,0.3553737,0.8450187,1.2722639,1.0123764,1.8775085,1.3409581,0.0,0.0,0.0,0.0,0.0,0.0,0.0,0.0,-4.1165338,-3.2847035,-2.741024,-2.66056,-3.5907824,-2.797534,-2.5308552,-2.4306471
86,1.0837032794952393,-1.4654152393341064,2.5491185188293457,0.0,0.0,-1.3296796,-1.4616998,-1.4478401,-1.3993987,-1.4928708,-1.5366167,-1.3905196,-1.6646966,0.0,0.09689232,0.35449424,0.843633,1.2731025,1.0112705,1.8762732,1.3419834,0.0,0.0,0.0,0.0,0.0,0.0,0.0,0.0,-4.1218905,-3.2820566,-2.7389681,-2.6594553,-3.586992,-2.7962475,-2.530502,-2.4308293
87,0.9389188687006632,-1.6089705228805542,2.5478893915812173,0.0,0.0,-1.6576203,-1.9474965,-1.4772301,-1.7226229,-1.5064683,-1.749211,-1.0981477,-1.7129669,0.0,0.096141495,0.35404623,0.84224635,1.2738131,1.0104963,1.874855,1.3427731,0.0,0.0,0.0,0.0,0.0,0.0,0.0,0.0,-4.1267715,-3.2797205,-2.7366648,-2.6584864,-3.5840003,-2.7950919,-2.5312777,-2.4311683
88,1.036137064297994,-1.5109984477361043,2.547135512034098,0.0,0.0,-1.369812,-1.518407,-1.6249715,-1.5253426,-1.374453,-1.8380681,-1.3935388,-1.4433942,0.0,0.09579917,0.35365674,0.8410079,1.2739815,1.0104495,1.8740152,1.3434511,0.0,0.0,0.0,0.0,0.0,0.0,0.0,0.0,-4.1285014,-3.2777169,-2.7345455,-2.657686,-3.5807726,-2.7940376,-2.530492,-2.4316
89,0.6532270908355713,-1.894066572189331,2.5472936630249023,0.0,0.0,-2.062444,-1.8785248,-1.855327,-1.8740258,-2.0203545,-1.7993168,-1.8616675,-1.8008728,0.0,0.09560863,0.3531045,0.8392375,1.2745404,1.0113394,1.8753929,1.3435596,0.0,0.0,0.0,0.0,0.0,0.0,0.0,0.0,-4.1323237,-3.2756157,-2.7337406,-2.6556747,-3.5779037,-2.7958076,-2.5174658,-2.4345682
90,1.0442883570988972,-1.5030518770217896,2.547340234120687,0.0,0.0,-1.448173,-1.6663615,-1.4536375,-1.3680786,-1.5503956,-1.7660685,-1.1888151,-1.5828854,0.0,0.09510589,0.3520081,0.83736414,1.2753463,1.011366,1.8770138,1.3447032,0.0,0.0,0.0,0.0,0.0,0.0,0.0,0.0,-4.1392694,-3.2734745,-2.7348795,-2.6538677,-3.5756118,-2.7982285,-2.5006304,-2.439045
91,-2.0303831100463867,-1.5629321535428364,2.5467358430226645,0.0,-3.0141867796579995,-1.4986817,-1.6541691,-1.4510664,-1.534214,-1.7072576,-1.5928254,-1.3555354,-1.7097082,0.0,0.09449991,0.350736,0.8355879,1.2763122,1.0106755,1.8779492,1.3455347,0.0,0.0,0.0,0.0,0.0,0.0,0.0,0.0,-4.147469,-3.272108,-2.7363255,-2.6523888,-3.5749075,-2.8010025,-2.4865353,-2.4427576
92,-2.0383850733439126,-1.5654193957646687,2.5465893745422363,0.0,-3.01955509185791,-1.5458809,-1.7298026,-1.2711374,-1.6301397,-1.7017957,-1.8195583,-1.386261,-1.4387792,0.0,0.09478748,0.34984574,0.8347084,1.2762061,1.0110259,1.8781961,1.3461351,0.0,0.0,0.0,0.0,0.0,0.0,0.0,0.0,-4.170714,-3.2772467,-2.7397735,-2.6529741,-3.5820754,-2.8077946,-2.4777758,-2.4480855
93,-2.539921998977661,-2.0535418589909873,2.5429634253184,0.0,-3.029343605041504,-2.020195,-2.0323057,-2.1861389,-2.1067576,-2.215831,-2.0349505,-1.9032627,-1.9288931,0.0,0.08908256,0.3444306,0.8318961,1.2812032,1.0095134,1.8771721,1.3479376,0.0,0.0,0.0,0.0,0.0,0.0,0.0,0.0,-4.2108903,-3.2869956,-2.7443848,-2.6545813,-3.5954113,-2.8157065,-2.472743,-2.4540348
94,-2.26938263575236,-1.7661245266596477,2.539707581202189,0.0,-3.0429657300313315,-1.8152527,-1.9270309,-1.863753,-1.6662067,-1.7823242,-1.7013773,-1.5386127,-1.8344387,0.0,0.0833414,0.3392019,0.8292558,1.2856995,1.007579,1.8778101,1.349666,0.0,0.0,0.0,0.0,0.0,0.0,0.0,0.0,-4.2619376,-3.300683,-2.7505152,-2.657551,-3.6138318,-2.8258665,-2.4722726,-2.461068
95,-2.190773606300354,-1.6678415536880493,2.53686515490214,0.0,-3.059797207514445,-1.4630457,-1.5762349,-1.7067457,-1.5512767,-1.760342,-1.6709043,-1.7232853,-1.8908981,0.0,0.07926651,0.33499745,0.82715195,1.2887365,1.0062011,1.877739,1.3508812,0.0,0.0,0.0,0.0,0.0,0.0,0.0,0.0,-4.319931,-3.3164523,-2.7588272,-2.661434,-3.636237,-2.8376894,-2.4759128,-2.4718933
96,-1.7635194460550945,-1.218818187713623,2.5339412689208984,0.0,-3.0786425272623696,-1.0462412,-1.3676186,-1.384,-1.1989206,-1.328609,-0.9965451,-1.1712624,-1.2573487,0.0,0.07634071,0.33147052,0.825572,1.2910309,1.0048991,1.876823,1.3510405,0.0,0.0,0.0,0.0,0.0,0.0,0.0,0.0,-4.384601,-3.333474,-2.768507,-2.6660402,-3.6612904,-2.8499508,-2.4827082,-2.48257
97,-2.3878172636032104,-1.8206600348154705,2.5312995115915933,0.0,-3.098456700642904,-1.7674376,-1.9013218,-1.8122145,-1.7012482,-1.7879229,-2.1454668,-1.4823828,-1.9672858,0.0,0.07421148,0.32856572,0.82422894,1.2926878,1.0040493,1.8754333,1.3509556,0.0,0.0,0.0,0.0,0.0,0.0,0.0,0.0,-4.4524827,-3.350791,-2.7789075,-2.6714752,-3.688084,-2.8623407,-2.4910033,-2.492569
98,-1.874813715616862,-1.286656141281128,2.529475132624308,0.0,-3.1176327069600425,-1.0726985,-1.3023034,-1.2362579,-1.0417153,-1.4077717,-1.4806719,-1.249787,-1.5020434,0.0,0.0732851,0.32631564,0.8234237,1.2929012,1.0042843,1.8743471,1.3507103,0.0,0.0,0.0,0.0,0.0,0.0,0.0,0.0,-4.5109177,-3.3695152,-2.7893715,-2.677357,-3.716773,-2.8749619,-2.5007832,-2.5013812
99,-1.595304290453593,-0.9854905207951864,2.527778704961141,0.0,-3.1375924746195474,-0.836776,-1.1699797,-0.95013076,-0.75523716,-1.0218452,-1.1753592,-1.0176594,-0.95693666,0.0,0.0725503,0.3241582,0.82323664,1.2934514,1.0040618,1.8725544,1.3507303,0.0,0.0,0.0,0.0,0.0,0.0,0.0,0.0,-4.5691476,-3.3896837,-2.800394,-2.6831062,-3.7479475,-2.8871,-2.513319,-2.5100415
